id,1554,1556,1558,1560,1563,1567,1572,1578,1585,1595,1606,1621,1639,1662,1690,1726,1770,1826,1895,1982,2090,2226,2395,2607,2871,3202,3616,4133,4779,5587,6597,7028
N_901,17.609252172722606,17.609252172722606,17.686335648656577,17.9911682822648,18.1068079958485,18.454058770431473,18.76770319575363,19.865878312378022,19.982353552700438,20.812467763663925,22.045384058426585,23.225175981982094,24.832116416435614,27.14234623360383,28.72116514273757,30.770909511720134,32.57207477147146,33.798946757764654,36.28423432917341,37.95257021714454,39.14110790418675,41.004810141748365,43.1149353902793,44.87979425847686,45.40598521733793,46.7583693671786,48.76043145724062,49.362232809476325,50.081602552966274,50.57334579884555,50.99707005201977,50.99707005201977
N_902,17.227179070273245,17.227179070273245,17.227179070273245,17.227179070273245,17.227179070273245,17.255383896705226,17.31283372915511,17.550625755134245,17.75106554474708,18.07649540891797,18.32320950109593,18.84819472570439,19.428993083190786,20.271724216505632,21.112172929942773,22.13632200371407,23.109453066677403,24.276335488332155,25.67392286890122,27.11718334451915,28.255871364232227,30.49264978139449,31.81686514552325,33.31372442924712,34.19934271124608,35.34080888475974,36.4995323129503,37.39566298211746,37.876369967126074,39.03819130685183,39.95731171576466,40.10896968402868
N_903,18.494172374597373,18.494172374597373,18.503415548551118,18.570763978251804,18.686403691835505,18.83747001726306,19.075620278651826,19.571377491018016,20.73397348688688,21.651222404047523,22.99994684946924,24.4835307943125,26.157233569819997,28.235856612270545,29.81467552140428,31.687535640963603,33.46478800894438,34.529881948938076,35.9778066462598,38.22316599510187,39.41170368214408,41.499329264403286,43.08569616723275,44.48332639175108,45.10883503559205,45.96187384973503,47.978330743685,48.54507029920366,49.776527931452144,50.7283308617625,50.76968029062752,50.76968029062752
N_904,16.888049196977285,16.888049196977285,17.05573055695382,17.36056319056204,17.40214583068701,17.510193371021728,17.987389575384675,18.47763550955043,19.139225653171394,19.60778736422503,20.549965988346408,22.08784072843712,22.98511655806977,24.609313179894208,25.406103116968822,26.030763510749004,27.57445350575653,27.896163349493385,28.680079717937605,28.504986717074342,28.96348399897814,29.580991691038964,30.306446509603205,30.220571050556245,29.958113681965184,30.463450733359736,31.135821224331355,32.8281287056913,34.02869884830782,34.18582200466059,34.49395738198341,34.49395738198341
N_905,17.296685746531928,17.296685746531928,17.296685746531928,17.296685746531928,17.296685746531928,17.324890572963913,17.36059230937417,17.59838433535331,17.818283480167874,18.119339172062922,18.368805221711327,18.938040255332933,19.928627285914146,20.727531097960547,21.151676724022085,22.58198621383023,22.90556229914335,23.375313143213315,24.65758894707553,26.081985618435425,27.45266501112884,28.4753709064638,29.175141106903016,30.162736931948558,30.630585255541867,31.429286784067322,32.76051679555901,33.665994589711644,34.76178812578435,34.86498783468996,35.368847726468566,35.76093547763727
N_906,17.45845934736728,17.45845934736728,17.45845934736728,17.45845934736728,17.45845934736728,17.486664173799266,17.522365910209523,17.707394267342824,17.907834056955664,18.100114433379147,18.302540758148773,18.827525982757226,19.30222528048713,19.933637589779675,20.139573600227582,21.461813836601277,22.574304499881016,23.465799659725047,25.01355186844822,26.86046896970399,27.83090111091595,28.497518198338547,29.69915645591537,30.902798938140833,33.36927772378241,34.02473602501442,35.1805274752015,35.48567644028106,35.85803350671833,37.19244838095057,37.93754559274015,37.93754559274015
N_907,17.32122013923893,17.32122013923893,17.32122013923893,17.32122013923893,17.32122013923893,17.349424965670913,17.38512670208117,17.622918728060313,17.82335851767315,18.01563889409663,18.26235298627459,18.787338210883043,19.499642435047633,20.102016684457347,21.027475710082044,21.6588261679754,22.842702441214435,23.765303709472803,25.423928156727133,27.297277298863985,28.42217163699541,29.845214200002776,31.011637653065165,33.029015989445526,34.184769860220456,35.106622021382904,36.19199647390111,36.59169411454752,37.69029168817761,38.44405410304356,39.18778128034003,39.18778128034003
N_908,17.48890614824094,17.48890614824094,17.48890614824094,17.48890614824094,17.48890614824094,17.517110974672924,17.55281271108318,17.7689847075154,17.969424497128237,18.27048018902329,18.53293546952486,19.102170503146468,19.85515260729299,20.442171857120968,20.399413098929518,21.084632207661045,21.36067282112228,22.350913437194876,22.452182353749343,23.254780177344955,23.718064225949313,24.740770121284278,26.60784940476437,27.782014525555226,28.85070491511067,28.96768093499314,30.151374079792078,30.864452883139265,31.80894325567382,33.1619073352036,33.443518792258544,33.443518792258544
N_910,17.23804987111189,17.24742067485153,17.24742067485153,17.24742067485153,17.24742067485153,17.24742067485153,17.283122411261786,17.369182748104844,17.472853778938322,17.665134155361805,17.86756048013143,18.216086696921167,18.34049756379952,19.321864847756302,19.94133943614519,21.044730018322316,22.201027179923774,23.08288173608322,24.74985000387911,26.559218087440183,27.762061225587953,28.448639428536,29.736073690731573,30.93971617295704,31.98491002822685,32.88010253106688,33.96914172297943,33.96914172297943,35.509323444730796,36.488062487137356,36.89483025110056,37.161633938655456
N_911,17.992056599764005,18.150403700193465,18.318085060169995,18.62291769377822,18.738557407361917,19.08580818194489,19.615097374387588,20.93712913401387,21.724107402462995,22.999446328059896,24.232362622822553,26.035237269067945,27.60364054037968,29.681236215794407,30.970930795248314,33.039554046447165,34.022643499360086,35.39670038561002,36.942297508274535,39.13439174194714,41.09031534555851,42.420212548211666,43.79038402694606,45.63379381456386,47.50084038168912,49.021705003667236,49.9444511428935,50.20687603118349,50.873055277230065,51.12595979216595,51.59144424305147,51.59144424305147
N_912,17.553862734551622,17.553862734551622,17.553862734551622,17.553862734551622,17.553862734551622,17.582067560983603,17.64142603934885,17.857598035781066,18.058037825393903,18.644073994070588,18.73920749388287,19.365303840464737,20.35589087104595,21.264241763962108,22.03926685605009,23.34618842690503,24.147383735130912,26.014395554150262,27.213115964620652,28.96500953768939,30.81235748169397,32.23540004470133,33.57802081427252,34.654282772486745,35.84830995087545,37.369634570625074,38.991565140733506,39.944338369863566,40.134011211261495,41.31106365750857,42.24341414440487,42.92976293331617
N_913,15.94169202854693,16.441715008956642,16.796080179004445,16.972849389884985,18.157509732843018,18.575217991192194,18.945793225925406,19.043754861997165,20.186317930782927,22.36445383582902,22.606462302520427,29.95801942720015,33.770254010079036,35.75475061492697,37.729670466063794,37.66241556571517,39.77330439678934,40.45428888637895,40.32595408912673,42.20486377587857,42.9079922737059,43.322536334401015,44.05431062462998,45.04297037380292,48.309617393393694,57.6851390707736,63.21449250775581,62.38057218581383,65.99269052590888,77.3845042277169,79.31533124945406,79.31533124945406
N_914,17.28406346432324,17.28406346432324,17.28406346432324,17.28406346432324,17.28406346432324,17.31226829075522,17.3697181232051,17.580493020633988,17.78093281024682,18.126212675893427,18.38868972247983,18.990067870438647,19.363819137622023,19.618993920143993,20.4512447168384,21.492502922676053,22.87698165992415,24.056250050447108,23.98221104466645,24.899599871762067,25.689253183569342,25.978062483443257,26.929474218811016,27.82981045263004,29.142450204379166,29.305120916238813,30.649378099130537,31.371736662488058,31.71572764916721,33.03328659622592,32.877719519231746,33.158470606111116
N_915,17.204789727557937,17.204789727557937,17.204789727557937,17.204789727557937,17.204789727557937,17.204789727557937,17.240491463968194,17.379315469657094,17.56245995189684,17.754740328320324,17.92198096909201,18.270507185881748,18.394918052760104,19.376285336716887,20.23977912670948,21.407679465023485,22.499466870488067,23.38132142664751,25.0482896944434,26.600543282956654,27.803386421104427,29.11142494641673,30.3988592086123,31.602501690837766,32.150059997516415,33.12028087156268,34.134291692268995,34.134291692268995,35.67447341402036,36.57335840672827,36.81958594170948,37.08638962926438
N_916,17.54459405114025,17.54459405114025,17.54459405114025,17.54459405114025,17.54459405114025,17.57279887757224,17.608500613982496,17.64570811373737,17.846147903350214,18.14720359524526,18.409658875746835,18.68204619600586,18.92990134939418,19.59941231205754,20.47847016333901,20.746595684967254,21.47527096532625,22.247773095218943,22.873335249135316,23.16013781712818,23.819436321123067,24.74359418754971,25.42875380156486,26.04195441472048,26.051848884317234,27.399953172617085,28.151827399428036,28.69617695842439,29.10788071581634,30.31701282092182,30.715361753835552,30.715361753835552
N_917,17.539273470171363,17.539273470171363,17.539273470171363,17.539273470171363,17.539273470171363,17.567478296603348,17.643297079311,17.881089105290144,18.08152889490298,18.68337025049637,18.762762561985042,19.38885890856691,20.578728218192893,21.48707911110905,22.26836447843783,23.633054208644662,24.963104621394727,26.830116440414077,27.91812186118472,29.75008319623273,31.597431140237305,33.02047370324467,34.27627901968651,35.49580618220524,36.559705532178434,38.081030151928054,39.349643230702945,40.48533696792821,40.91925830122784,41.77796120843445,42.65140812209384,43.33775691100513
N_918,16.496744436661853,16.837616276791763,17.574805100369986,17.92641484847669,18.788813509853604,20.925270314753384,21.93970890426715,25.41036962299503,26.974708565797886,28.961233710227294,29.79405314540269,33.070787287240826,33.070787287240826,40.910433446,48.893341002368274,48.015747642428934,50.97578548158859,52.56831246258095,52.76212433564348,54.92019160052597,58.38350196882442,59.49637868963198,60.52927397765035,63.255719085270385,64.3842156819234,66.66996243989716,69.07849691495485,71.83229975854326,71.2001159705384,72.51992532004486,72.51992532004486,72.51992532004486
N_919,17.3390790759698,17.3390790759698,17.3390790759698,17.3390790759698,17.3390790759698,17.36728390240178,17.42473373485166,17.662525760830796,17.86296555044364,18.297170730086094,18.54388482226405,19.169981168845915,20.029062332748936,20.853148409384694,21.693597122821835,23.12390661262998,23.67726069776135,25.353687493071583,26.373439924281758,28.006594011881056,29.896999044582444,31.320041607589808,32.92066437414496,33.87907747475426,34.892857350089415,35.846923313024284,36.84130874072611,38.28676359795762,38.98975418886115,39.29547669239074,40.01749238672221,40.01749238672221
N_920,17.756653898010946,17.756653898010946,17.756653898010946,17.756653898010946,17.756653898010946,17.784858724442934,17.844217202808174,18.060703594502044,18.261143384114884,18.734169480768337,19.15103731364848,19.84921037033368,20.98655510187809,21.889760258416914,23.310036677416743,24.564943381947497,25.838727315206707,27.474871473485173,28.512020612686474,30.053950983436277,31.91256008098055,32.97305343401414,34.19364394594155,35.46577472785114,36.40115075530994,37.29662250691077,37.81217905329711,39.47795152763498,40.16352076640525,40.295490019112,41.10927526937661,41.10927526937661
N_921,19.394797722586617,19.415600855082737,19.63561106089736,20.259207713029344,21.72327044663357,24.32790454450681,26.435364259734786,26.90746109573694,29.762376949721457,32.99202182805753,35.78300788369198,36.07828634117853,38.53179780232712,41.67881699520157,45.43352624928633,45.75394987692658,48.36531450987218,49.65347120488553,50.93680826472571,53.92769642363598,55.627539083384384,56.19924193972831,56.956715426741916,58.497814651633206,59.40107466082637,60.534810878246375,61.20718136921799,62.44249468416335,62.611823232123044,63.19048168651662,63.25703559539545,63.25703559539545
N_922,17.380236164107835,17.380236164107835,17.380236164107835,17.380236164107835,17.380236164107835,17.408440990539816,17.465890822989696,17.703682848968835,17.904122638581676,18.259173336024503,18.453536043723894,19.074040527234636,20.064627557815854,20.89430549752273,21.582159596712735,23.01246908652088,23.71841778589939,25.012981074275636,26.318532321172945,27.673392919895726,29.35125357383088,30.608340058382623,31.958831254815223,32.917244355424515,33.87717384945433,34.721491516948184,35.58809377062896,36.410123895657584,36.80840008105115,37.614646271021336,38.37627839157677,38.37627839157677
N_923,17.661360067863374,17.661360067863374,17.661360067863374,17.661360067863374,17.661360067863374,17.661360067863374,17.69706180427363,17.835885809962527,17.99006638609555,18.18234676251903,18.4448020430206,18.793328259810334,18.917739126688684,19.88880517450795,20.672544514521906,21.870136738405325,22.906204320784017,23.77181083123832,25.330520054072036,26.68539926711749,27.874448723683614,29.182487248995916,30.208284344981056,31.41192682720652,32.2682179975448,33.16981686290406,33.71644992174512,35.05416473903355,35.52160050596356,35.83490584265155,36.393880976245924,36.393880976245924
N_924,17.578211391957574,17.578211391957574,17.621493482830253,17.621493482830253,17.621493482830253,17.606416218389562,17.77223050841046,17.95242229643026,18.28603726860071,18.94250472812181,19.24888883451583,19.94706189120103,21.136931200827018,22.08249328779302,23.671319614575083,25.065434086627818,26.646911140376368,28.4236774859061,29.67982865693541,31.05145946226079,33.07173788234487,34.216383008454066,35.479677232837595,37.12719313454701,37.893982407084465,38.7280462249099,39.807276904697,40.412373000817404,41.9845556517216,42.82138390838424,42.876221083225644,43.13173048266772
N_925,17.42497249618705,17.42497249618705,17.50205597212102,17.80688860572924,17.827504257773406,17.631421478581267,17.469077304588126,17.052160447810984,17.546735917461273,18.157023894221766,19.252384048436486,20.78810855704159,20.788723321634485,21.533478335213537,22.633653295159515,23.447785525713638,24.064324720259883,24.263366120348998,25.25644923806598,27.03755626930987,28.18562141827199,28.07538541395759,28.75299372834437,29.99728614250492,30.43330402263278,31.377931958855882,32.48757613388212,33.025213160901366,34.21210114809155,34.717219236721796,34.95757576938264,34.95757576938264
N_926,17.987719470885565,17.987719470885565,17.987719470885565,18.05506790058625,18.05506790058625,18.083272727018233,18.249087017039137,18.665484253547284,19.211246266172964,19.700178932108813,21.071557909768757,22.36049124376666,23.867546464956693,26.05378734559813,27.63260625473187,29.619773065835233,31.207828414207402,32.92538391920183,34.632619516146576,34.49743131089311,35.163219582785175,38.119088375986344,40.69565897628765,42.34846907744482,43.089435964990464,43.932036947490886,45.02146583638361,46.05072160756277,46.973583822927836,47.25195041136715,47.293299840232166,47.806904368617715
N_927,17.542004157456034,17.542004157456034,17.542004157456034,17.542004157456034,17.542004157456034,17.57020898388802,17.66196273160717,17.87813472803939,18.148057097836503,18.65127729688673,18.9137325773883,19.37250714328088,20.363094173862095,21.271445066778252,22.40613302694713,23.427355309864055,24.15458703794706,26.02159885696641,27.513536068935206,29.388196905235752,30.896738431003158,32.31978099401052,33.68780268550181,34.80548450182738,36.13083849058769,37.358015277497884,38.96587146713576,39.41812100982523,40.07907836037366,40.651895057249305,42.29416974805709,42.944284304085926
N_928,17.885077551617584,17.885077551617584,17.894320725571333,17.96166915527202,18.077308868855717,18.228375194283277,18.176820146249753,18.672577358615943,19.83517335448481,20.86658620906483,22.215310654486547,23.69889459932981,25.37259737483731,27.231147652596093,28.80996656172983,30.84841563737906,32.21683122050945,33.377455862233795,34.82538055955552,37.01747479322813,38.20601248027034,39.98076970591858,41.56713660874804,42.95967898712113,44.45086134797734,44.873550876521094,45.91944354766383,47.769716360733966,48.290410266676034,48.24959719143551,48.40685754682786,48.40685754682786
N_929,17.785099312951104,17.785099312951104,17.785099312951104,17.785099312951104,17.785099312951104,17.81330413938309,17.905057887102238,18.12122988353446,18.391152253331573,19.031814525935967,19.448682358816107,20.14685541550131,21.25390875550084,21.927622835422525,23.60268615994311,25.103334946867687,26.397175425953243,27.37086056295359,28.579163606899666,29.693877780414198,30.80387909025314,32.300294914345315,33.51005244426578,34.138985787417994,34.96970216142801,35.91464435935034,36.672128007319515,37.3528624488074,39.14497235788635,39.781480898266835,40.224440380490165,40.224440380490165
N_930,17.48890614824094,17.48890614824094,17.48890614824094,17.48890614824094,17.48890614824094,17.517110974672924,17.55281271108318,17.7689847075154,17.969424497128237,18.27048018902329,18.53293546952486,19.102170503146468,20.09275753372768,20.442171857120968,20.901201723496417,21.58642083222794,21.36067282112228,22.350913437194876,23.21386310796964,24.016460931565252,24.47974498016961,25.502450875504575,27.090701057475034,28.26486617826589,29.450190985932636,29.450532587703805,30.74176070434137,31.82462549531531,32.70772701142724,33.05911275023178,33.443518792258544,33.65846541549635
N_931,17.425884498995494,17.425884498995494,17.425884498995494,17.49323292869618,17.49323292869618,17.521437755128165,17.687252045149066,17.99371472603129,18.53947673865697,19.138343960218737,20.509722937878685,21.798656271876585,23.238949152012644,25.205117267962322,26.78393617709606,28.606137464525457,29.065326649757132,30.782882154751555,32.87057565534626,33.28477632516504,33.95056459705711,35.345307229277374,36.6086014536609,38.52555384017738,40.39298770991723,41.43314877848508,42.22488468509199,43.28929985464894,43.905221875674464,44.61621196297776,44.8694006594483,44.8694006594483
N_932,17.570089184570147,17.570089184570147,17.570089184570147,17.570089184570147,17.570089184570147,17.59829401100213,17.764108301023033,18.088745934980572,18.45363693488947,19.052504156451235,19.880752777566414,20.270490041359846,21.460359350985833,22.505236519300972,23.885486497717874,25.574694621199,27.42008428301618,28.78892342178293,30.358548003845286,31.37500851370961,32.25029851289978,32.84839629692698,33.9979347881485,34.887308982197126,36.26039604978741,37.324940708502545,38.10512350324552,39.43019596489974,40.45969682008088,40.96019562576038,41.746667317746315,41.99236502019514
N_933,17.75309865943973,17.75309865943973,17.762341833393478,17.82969026309416,17.85030591513832,17.82572806650781,18.063878327896575,17.999742374643944,18.43841229965035,18.921993185406222,20.222250131228765,21.286247121365268,21.024510313322516,21.49289971799481,21.689642584390782,22.47126246408753,23.175070225261322,24.21755995428172,25.210643071998703,27.045187961103814,28.193253110065932,28.76714477147135,29.62699714521169,30.70638739706964,31.23629227850246,32.3370372552169,33.13683818842748,33.69152859515797,34.3256082385457,35.556585512821584,35.759412908921675,35.759412908921675
N_934,17.425436117562608,17.425436117562608,17.425436117562608,17.425436117562608,17.425436117562608,17.453640943994593,17.619455234015494,17.944092867973033,18.247495817510675,18.803080948199767,19.485438895414788,19.772852340987257,20.962721650613243,22.133362564441637,23.57352444149988,24.941342636861982,27.041434204371846,28.81820054990158,30.532661064335247,31.904291869660632,33.02707881156652,34.16140564511525,35.925223555939375,37.040068233861035,38.276504448911965,39.16411107319516,40.22328957268573,42.2810569120429,42.414814885157185,42.834550978343785,43.68587811748316,44.064009563084966
N_935,31.841121517624583,34.19205291674584,35.613943024087376,35.59394680567889,41.84309709516425,46.498702168981055,47.229639209408006,48.01006238341631,52.95308806292766,57.030073211073066,60.36588653411593,64.60561832257342,68.19912641493431,73.11444215096448,76.70765776783242,79.11951492362839,80.969374159353,81.0827163339694,80.21000143264831,80.83250356529076,82.00625416241938,83.51416260323704,85.14873536649975,84.78928446130115,85.93380530427262,87.02123483664232,87.84772214431858,87.84772214431858,87.015391730381,89.79442725455017,91.58144338553004,91.58144338553004
N_936,17.77656520394091,17.77656520394091,17.77656520394091,17.77656520394091,17.77656520394091,17.804770030372893,17.84047176678315,18.05664376321537,18.257083552828206,18.449363929251685,18.711819209753255,19.162906093912163,19.711503732091614,20.012637250083266,20.82550449629136,22.098320393854728,23.194256131987146,24.01618197658231,25.659788320117087,27.160036922750034,28.39467599605492,29.702714521367223,31.22124609055865,32.595633261436234,33.25030179891312,33.996397312901166,36.32695311695011,36.62016991844852,37.31533849097737,38.29884439727907,39.56873498191541,39.56873498191541
N_937,17.615684285749765,17.615684285749765,17.615684285749765,17.615684285749765,17.615684285749765,17.615684285749765,17.615684285749765,17.75450829143866,17.933817476611807,18.12609785303529,18.388553133536863,18.680218037366338,18.804628904244687,19.750123706082178,20.016245392982658,20.979138430789092,21.252706596001616,22.13350227419775,23.584166022984373,24.87363764342449,25.78342201272636,26.826089023586775,27.816987370363204,28.922401519649082,29.528367180551403,30.401026809270576,31.619672699932124,31.709543900632315,32.5605414502053,33.330014249790665,33.831054709928736,33.89389332839583
N_938,17.74787306518315,17.74787306518315,17.74787306518315,17.74787306518315,17.74787306518315,17.77607789161513,17.867831639334284,18.0840036357665,18.35415209751289,18.94018826618957,19.25478597168809,19.880882318269958,21.070751627895945,22.00685154191366,23.446909359701152,24.866473363674967,26.371344020305266,28.17932310592285,29.413691063000357,30.785321868325738,32.3394530108319,33.59935879195227,35.69314678123972,36.96476479639279,38.39879944181522,39.60671728142094,40.75690170349842,41.54372972254711,43.01125576335593,43.852864076957886,44.33067904318173,44.33067904318173
N_939,17.31964274512546,17.31964274512546,17.31964274512546,17.31964274512546,17.31964274512546,17.347847571557445,17.40529740400732,17.590325761140623,17.790765550753463,18.11619541492435,18.318621739693974,18.843606964302428,19.42440532178883,20.256835218966145,20.853264730799577,22.030008418818014,22.898099134759416,24.537504414141573,25.571910882904998,27.571928443124065,28.836129654968122,29.471755817155607,30.18698128511134,31.44598934380394,32.92863676337053,34.185992427526244,35.154185171996225,35.154185171996225,35.63943747566505,36.62591996057277,36.88449676037872,36.88449676037872
N_940,17.547552464478887,17.547552464478887,17.547552464478887,17.547552464478887,17.547552464478887,17.57575729091087,17.633207123360748,17.870999149339887,18.071438938952728,18.501106876414536,18.79996339358944,19.492544587203522,20.682413896829505,21.248533437656548,22.793389508539875,23.7980694041497,25.423147004295213,26.374113768841543,28.05027397763879,29.618834252506645,30.75752227221972,31.856948045156958,33.30161015295198,34.26743693305001,35.48177500767519,36.90669362247846,37.28511081220941,38.11559073777339,38.75950666607299,39.79714976471176,40.175382381799,40.675906068239584
N_941,17.618997027074975,17.618997027074975,17.618997027074975,17.618997027074975,17.618997027074975,17.64720185350696,17.70465168595684,17.920823682389056,18.121263472001893,18.53966346472764,18.80211874522921,19.428215091811076,20.313926159832146,21.135244920438076,22.0151459750862,23.24343651183688,24.04463182006276,25.382126023550644,26.856125464381904,28.73078630068245,30.28491744318862,32.21710786492144,33.55972863449263,34.81135853660032,35.76544085791304,36.70789992367043,37.723298814879556,39.07167902673618,39.52413807271347,40.472317721815635,41.24642469555087,41.24642469555087
N_942,20.6191854050417,21.11920838545141,21.491157408541348,21.728449462540162,22.47884514789015,23.097288113684026,23.110424780091336,23.40631132037443,27.547911262236646,32.03118739581914,33.428749122072844,40.86604730370879,42.25958713309764,44.53367125479434,51.07174614570326,54.57618276228708,55.241023408437,58.8107719292468,60.84230136087663,66.00159770813195,70.69859711056334,72.99068804353364,76.27929107420422,78.86016628437967,82.59831467526254,84.25402787444901,84.38233329177856,83.2300981347031,81.89479928470719,82.71317083748025,84.81664405507355,84.81664405507355
N_943,17.39541265784173,17.39541265784173,17.39541265784173,17.39541265784173,17.39541265784173,17.423617484273713,17.459319220683973,17.697111246663113,17.89755103627595,18.198606728170997,18.331853140203464,18.95794948678533,19.54419350407876,20.025152667935988,20.888646457928584,22.464452496091987,23.274818752632882,24.211551914357493,24.99118801360692,26.39948647019092,27.280040494399,28.073392541014034,29.28239601124601,30.070811607519758,30.497060682616755,32.855754021747615,33.41210815640099,33.71602969938682,34.1040088665696,34.69151097974575,35.97419491526406,35.9000128600538
N_944,17.69459090847559,17.69459090847559,17.69459090847559,17.69459090847559,17.69459090847559,17.722795734907578,17.758497471317835,17.974669467750054,18.101210916913338,18.40226660880839,18.66472188930996,19.306072083537163,19.50334284290668,20.474408890725943,21.28727613693404,22.813657836287117,23.558226474418625,24.55274379358001,26.25576678214644,27.594460527173545,28.783509983739666,30.09154850905197,31.652660095412987,33.03186949969768,33.47823464144975,34.18749994938372,36.28499684770458,37.00679243453138,37.26360258382092,37.78641297728032,39.00305302023937,39.41898512328213
N_945,17.240091928571466,17.240091928571466,17.240091928571466,17.240091928571466,17.240091928571466,17.240091928571466,17.275793664981727,17.387600542120367,17.57074502436012,17.728249298331605,17.904197405859996,18.433498843715483,18.510110383215963,18.941979269127412,19.88612769821318,20.383539895084784,21.751150883351702,21.93568498754493,21.971617640505826,22.974082377368983,23.472920250572436,23.2409257788345,24.08904053884422,24.68833150544135,25.860994915197196,26.18573645947076,26.384082130425444,27.651909690569312,28.05120164047325,28.21370475221484,28.592536747156085,28.592536747156085
N_946,17.892981634649132,17.892981634649132,17.892981634649132,17.892981634649132,17.892981634649132,17.921186461081113,18.012940208800266,18.229112205232482,18.570585787995704,19.31418795371397,19.93963213495927,20.723190968622898,21.812500838613573,22.672506933524215,24.13899390967964,25.923402138153694,27.149291909272886,28.866847414267312,29.985690898490002,31.081915934591674,32.34611714643573,32.50650882393127,33.305611872482004,34.11452834855764,35.536937670968534,37.216198623429705,37.4709450363765,38.39084825169098,39.03335493511228,40.62088082447755,41.28510102161785,41.28510102161785
N_947,17.620087438160404,17.620087438160404,17.620087438160404,17.620087438160404,17.620087438160404,17.64829226459239,17.81410655461329,18.13874418857083,18.68450620119651,19.283373422758277,20.654752400418225,21.94368573441613,23.383978614552184,25.310900609382724,26.88971951851646,28.280626222719,29.171109991177534,30.888665496171953,32.93398175640505,33.348182426223836,34.0139706981159,35.23087345426514,37.56161159951819,39.72439644108292,40.92866849093382,41.2776821329204,42.11179527988893,43.176210449445875,43.92145459460832,44.62324999571611,44.8694006594483,44.8694006594483
N_948,17.29173432858819,17.450081429017647,17.52716490495162,17.83199753855984,17.947637252143544,18.29488802672651,18.840637523511617,20.036375725433086,20.82335399388221,22.11449810639582,23.34741440115848,25.150289047403874,26.65192997766163,28.647538764412698,30.51538199616913,32.09112702697507,32.66458708010381,34.03864396635374,35.584241089018256,37.77633532269087,39.73225892630224,40.93497657045267,42.41139074854334,45.018716503584784,46.27848285432454,47.49659884747712,48.501331875367036,49.60201139988709,50.17365935202183,50.69987141973715,51.323358219929744,51.323358219929744
N_949,17.88156759147634,17.88156759147634,17.88156759147634,17.88156759147634,17.88156759147634,17.90977241790832,18.059126403586816,18.362144007997433,18.907906020623116,19.31009704255139,20.65028160563279,21.575583373690286,22.83221502437025,25.280807665386916,25.38062233294548,26.60753286570566,28.304258077799023,29.2498384826784,30.87407362966723,32.77057414128818,33.10371790451526,33.82500063752334,34.97453912874485,37.93875209190191,38.694188847943124,39.73118518154244,39.836136959636946,41.36339455226763,42.122458708027935,43.08292514730462,43.301564861536846,43.301564861536846
N_950,17.180689800815763,17.180689800815763,17.348371160792293,17.65320379440052,17.69478643452549,17.8028339748602,18.31242544857706,19.21771441121674,20.004692679665865,20.018026681715078,20.759342478509062,22.562217124754454,24.075967991241452,26.453424589653462,28.358735940227746,29.672970777705746,30.108571693603633,30.981282178170815,32.76181716845249,33.0707590848695,33.43661808635241,33.65271394030881,34.20240931282229,33.317648483748975,34.83441839244615,37.243201995002224,36.84719497591921,37.46171370237962,37.59817739660871,39.00100865555318,39.69531049506324,39.69531049506324
N_951,18.755922347602382,19.096794187732293,19.46874321082223,20.430993931906873,21.744473744690993,24.56352045635838,27.961762587752332,31.16605679294199,31.100704992047326,33.11565644421599,38.135562866498184,43.7865658811933,48.69091192380512,50.80427261779113,52.27579593599301,52.85284853555498,55.20937877972332,56.057867176646866,57.42759667172783,59.73467103434538,63.032319335255494,63.19887245695995,63.332087743556926,64.06603038839964,64.92117489901919,64.98309430731663,65.10196274338446,65.87231955707361,66.22603906209953,66.61472263492946,66.61472263492946,66.61472263492946
N_952,17.680634048294724,17.680634048294724,17.680634048294724,17.680634048294724,17.680634048294724,17.70883887472671,17.800592622445862,18.016764618878078,18.286686988675193,18.87272315735187,19.18732086285039,19.87929513781618,20.98634847781571,21.650977603783545,23.372683414202704,24.87333220112728,26.37820285775758,28.186181943375164,29.42054990045267,30.9147752263181,32.468906368824264,33.72677437759919,35.298387564487605,36.53758030377225,37.80687256367091,39.17711643475483,39.92957575320854,40.84200263119904,41.00189874606999,42.52840787902727,43.42350012461554,43.42350012461554
N_953,17.686696960573734,17.686696960573734,17.686696960573734,17.686696960573734,17.686696960573734,17.71490178700572,17.790720569713372,18.006892566145595,18.207332355758428,18.793368524435106,18.88850202424739,19.51459837082926,20.505185401410472,21.413536294326633,22.26090390698445,23.56782547783939,24.36902078606527,26.23603260508462,27.493060770429555,29.298392201359512,31.14574014536409,32.56878270837145,33.8390609573728,34.948453927473835,35.9705975296627,37.49192214941232,39.13657094406385,40.272264681289116,40.706186014588745,41.59268040592694,42.45660154704842,43.14295033595971
N_954,17.531547218514547,17.531547218514547,17.531547218514547,17.531547218514547,17.531547218514547,17.531547218514547,17.567248954924807,17.706072960613703,17.88921744285345,18.0525339131702,18.314989193671778,18.66351541046151,18.78792627733986,19.758992325159124,20.57185957136722,21.789672780648893,22.77639147143519,23.01496944917984,23.740652027370732,25.09553124041619,26.006236576739557,26.85054066411515,27.74640754327113,28.901915085670886,29.563459966103636,30.24205816222553,31.719622755206853,32.24360171834039,32.989708581856604,33.42665084095428,34.02764551592232,34.23694329599811
N_955,44.65405808598326,50.13549689838783,52.76102533208102,56.07528431898352,61.19030067045054,63.229354322794705,71.94345615173842,79.72300792174876,92.16174647704402,96.3364545556237,96.29622126987202,95.27849286987413,96.72404529484531,96.62562456019542,96.62562456019542,96.8099930412372,96.39112949115054,96.39112949115054,96.39085089473268,96.39085089473268,96.39085089473268,96.43575169762433,96.43575169762433,96.42096035200751,96.42096035200751,96.42096035200751,96.42096035200751,96.42096035200751,96.42096035200751,96.56411394641917,96.56411394641917,96.56411394641917
N_956,17.539495440526544,17.539495440526544,17.539495440526544,17.539495440526544,17.539495440526544,17.567700266958532,17.62515009940841,17.662357599163286,17.862797388776123,18.005095347138678,18.42196318001882,18.700549281997258,19.281902852600968,20.129894469549498,21.2434959539169,21.66648531246093,22.48947907435129,23.545733300997433,24.20071229952658,24.652732647898304,25.43941845067089,26.21002037815962,26.707170860797966,27.77921772097107,27.986532281166816,30.37045875046791,30.757714638798028,31.45265615257398,32.260399505732124,32.16615337814584,32.8460815433943,33.09800589230301
N_957,17.34002526856206,17.34002526856206,17.34002526856206,17.34002526856206,17.34002526856206,17.36823009499404,17.476444147055602,17.71423617303474,17.901342573205405,18.503183928798798,18.74989802097675,19.208672586869334,20.199259617450547,21.107610510366705,21.980302437721353,23.181243087332483,23.919480830827144,25.72745991644473,27.231410471389367,29.009933948576162,30.532269155925217,31.95531171893258,33.38056654159427,34.531379369806636,35.912289498131656,37.53419456017937,38.705648555101284,39.658421784231344,40.49722493176467,41.08895040413349,42.60668726453166,42.60668726453166
N_958,22.637985291902844,25.83291399940278,30.106057514011987,32.75693615549431,41.35354945554676,47.8736107680857,54.23352550114008,57.65892235545206,73.19074822916258,79.11344726078507,79.28271927673907,83.47002247548461,85.99479331194631,87.89932835865298,87.89932835865298,89.70526395338139,90.76558096163042,91.17970340172852,91.69945857761024,91.69945857761024,93.75003115960551,95.66966590930221,97.04932082755892,97.01991644776827,97.01991644776827,97.01991644776827,97.01991644776827,97.01991644776827,97.04023714533476,97.04023714533476,97.04023714533476,97.04023714533476
N_959,16.771817952460708,16.826973311846444,17.289520218978943,17.800644623385725,17.890951714946226,18.048667637298085,18.46841400921116,19.268068313392646,19.330533722165775,19.17766581858811,19.46457465625691,20.45562306370574,21.15778268543334,21.580021501413082,23.15430923897646,24.34479589110598,25.43802082774594,26.431790067056685,26.464913236116143,27.863810699507592,28.77844549505507,29.912708021358597,31.67129712565081,31.79354349420069,31.719318768374876,31.95318108621244,35.420673950901815,35.2279800008471,38.70302333761974,40.02921699313321,47.47339849210103,48.64714908922966
N_960,17.764253202421436,17.764253202421436,17.764253202421436,17.764253202421436,17.764253202421436,17.79245802885342,17.95827231887432,18.282909952831865,18.64780095274076,19.164640828454896,20.0903608943268,21.461321574172334,22.656043257262553,22.57812707018549,23.958377048602394,25.796249621807338,27.540771901016004,29.25832740601043,30.930410680082492,31.946871189946815,33.03444327298887,34.18734157649436,35.47802839435422,37.20558016328305,38.22193453245673,39.636033819431994,40.96846139377272,42.22367204592196,42.603058345074274,43.6690915558819,44.14952454649429,44.47259722494021
N_961,17.683255201309976,17.683255201309976,17.683255201309976,17.683255201309976,17.683255201309976,17.683255201309976,17.683255201309976,17.822079206998872,18.001388392172018,18.193668768595497,18.45612404909707,18.8046502658868,18.92906113276515,19.888398166638293,20.686247309126834,21.898857636729804,23.023074171845376,23.93864351875753,25.587674015415885,27.087922618048832,28.32256169135372,29.63060021666602,30.906528882773717,32.11017136499918,32.76483990247606,33.41465825041735,34.40749923717786,35.02417804333468,35.19839700876628,37.09802337225548,37.70464720908815,37.70464720908815
N_962,17.88015957280708,17.88015957280708,17.88015957280708,17.88015957280708,17.88015957280708,17.908364399239062,18.016578451300628,18.254370477279767,18.524292847076882,19.18076030659799,19.790463299519676,20.590960174425838,21.69801351442537,22.43017614541027,23.896663121565698,25.82364315699676,27.140975083901598,28.85853058889602,29.934515308683686,31.404821919901337,32.91856859145718,34.04021453526239,35.33618399270623,36.88225872923126,38.459386235673094,39.97790255813955,40.86647004690359,42.25396017585331,42.60742542507468,44.149692641588466,44.85486957467651,44.85486957467651
N_963,17.42460024805773,17.42460024805773,17.42460024805773,17.42460024805773,17.42460024805773,17.45280507448971,17.561019126551273,17.798811152530416,18.068733522327527,18.725200981848634,19.126327626405164,19.824500683090363,21.014369992716347,21.872113798562083,23.379855342393384,25.213687909677763,26.43957768079696,28.15713318579138,29.455661597182296,30.82729240250768,32.304037993117966,33.13964408238093,34.67604246475492,35.89712984203287,37.33507687837285,38.57117082597721,38.95921462830067,40.054013712167595,40.33942965354589,41.91049186133856,42.66598792443727,42.66598792443727
N_964,15.935106371783723,16.275978211913635,16.738525119046127,17.35990763249869,17.81400290822743,18.27183419305487,19.420367750890424,21.518128539762316,21.497520939657665,21.929167970744615,25.449133939441367,27.932154452125783,28.948097233739183,33.3284617796963,33.90258636321749,40.408170405230955,50.59721946720325,52.1643555729652,54.570635466684294,54.62274054383282,55.65265008139882,58.48462606797442,62.577812320833345,63.75171250150869,65.69119426285945,68.17435824686312,70.3399693981018,72.04771367233819,73.54639333153433,73.91624762371427,74.62870351545942,74.65621449727377
N_965,17.49200226343183,17.49200226343183,17.49200226343183,17.49200226343183,17.49200226343183,17.520207089863813,17.686021379884714,17.810074487617992,18.06343370144484,18.31576759779899,19.58798615547284,20.457332534763985,20.681409737404497,21.256167279711427,21.452910146107403,22.204112065561176,22.32478222927447,23.153427131765962,24.207969376478353,26.04251426558346,27.220149211044063,27.672390440754093,28.66451233574776,29.602992150006507,30.132586233380607,31.332133390357022,32.162952284319594,32.859832456455266,33.542935956727014,33.69773920666223,33.900566602762325,33.900566602762325
N_966,17.844775932958843,17.844775932958843,17.844775932958843,17.844775932958843,17.844775932958843,17.872980759390828,18.03879504941173,18.36343268336927,18.909194695994948,19.50806191755672,20.879440895216668,22.168374229214567,23.608667109350627,25.755661868872927,26.353797319707553,28.34096413081092,29.796290131281115,31.513845636275533,33.07533379087354,34.16784653378686,34.723505569792614,36.297157448104294,37.65120352917827,38.6538990743066,41.49312624311319,42.96363659728026,43.35168039960371,44.358343684925096,45.03409772380267,45.78236478461785,46.636406005436356,46.636406005436356
N_967,17.743881001560254,17.743881001560254,17.743881001560254,17.743881001560254,17.743881001560254,17.772085827992235,17.82953566044212,18.045707656874335,18.24614744648717,18.664547439212914,18.927002719714483,19.61897699468027,20.776312862315947,21.597631622921877,22.477532677569997,23.70582321432068,25.035873627070746,26.373367830558628,27.276304080700744,29.20423003217075,31.18844984119584,33.12064026292866,34.3764455793705,35.771340685782704,36.634215572255286,38.04419441711198,38.88043743576539,40.442645164583965,41.11738781645616,41.46013648836164,42.34766900324601,42.34766900324601
N_968,17.84288827698294,17.84288827698294,17.84288827698294,17.84288827698294,17.84288827698294,17.87109310341492,18.036907393435825,18.339924997846442,18.70481599775534,19.2878780324004,20.143153523019453,21.726567256972253,21.89965167337915,22.905282720575155,24.285532698992057,25.925316483662858,27.818503212595342,29.536058717589768,31.262752556588303,32.53612969826348,33.67030349905414,35.10610268406736,36.36939690845088,37.62114717661893,38.950910912685266,39.832773735061686,41.019377614619096,42.37829753755377,43.24389753830903,43.64862680609262,44.37082966189972,44.510327168970186
N_969,17.616352765424715,17.616352765424715,17.616352765424715,17.616352765424715,17.616352765424715,17.616352765424715,17.616352765424715,17.75517677111361,17.934485956286753,18.126766332710233,18.38922161321181,18.737747830001542,18.86215869687989,19.8160956196598,20.54447131601004,21.757081643613013,22.817010224879777,23.665744871276864,25.24046348293614,26.74071208556909,27.775299345215746,29.083337870528048,30.35926653663574,31.474762020817433,32.08072768171976,32.70330935093033,33.722016774699256,33.81188797539945,34.04525104225485,35.71416915577595,36.35939229256874,36.35939229256874
N_970,17.62076210685678,17.62076210685678,17.62076210685678,17.62076210685678,17.62076210685678,17.648966933288765,17.706416765738645,17.92258876217086,18.123028551783698,18.432653229037875,18.695108509539445,19.220093734147902,19.932397958312496,20.73587288866851,21.541810363173756,22.669129712381867,23.607484066795244,25.062668114538607,26.468599315649232,28.289943471905783,30.13729141591036,31.560333978917722,32.53790064062693,33.73006985632042,34.94332517346756,36.08914184146161,37.79694806221846,38.075188142764155,38.74993079463635,39.69268822953944,40.08511532313825,40.08511532313825
N_971,17.691935186435742,17.691935186435742,17.691935186435742,17.691935186435742,17.691935186435742,17.72014001286773,17.885954302888628,18.21059193684617,18.756353949471848,19.35522117103362,20.726600148693564,21.83466246997468,22.578872867812628,24.984087017286786,26.050282664627222,26.46155979666916,28.206082075877827,29.28320025985467,30.955283533926732,32.22866067560191,33.278095391717365,35.538890236516494,36.7279707939165,37.54003482560252,40.474912616211896,41.432031931447945,42.010635678974396,42.871241174536884,43.574778535626606,44.16961928251362,44.77820957051219,44.8604249633962
N_972,17.793191075883094,17.793191075883094,17.793191075883094,17.793191075883094,17.793191075883094,17.821395902315082,17.857097638725335,18.07326963515756,18.273709424770395,18.465989801193874,18.728445081695444,19.179531965854352,19.48749317673116,20.029263122025455,20.842130368233548,22.114946265796917,23.15587931564764,24.057478224061043,25.7065087207194,27.20675732335235,28.441396396657233,29.749434921969538,31.22124609055865,32.845684876459515,33.5003534139364,34.24644892792445,36.57700473197339,36.87022153347179,37.56539010600065,38.54889601230234,39.55459615885528,39.832836239400976
N_973,17.353607668796442,17.353607668796442,17.353607668796442,17.353607668796442,17.353607668796442,17.381812495228424,17.439262327678303,17.677054353657443,17.877494143270283,18.311699322912737,18.558413415090698,19.125346415564202,20.309623862119064,21.13930180182594,21.97975051526308,23.25746539082409,24.492269194726784,26.168695990037016,27.32103938819923,28.729337844783227,30.0253349917844,31.28242147633614,32.295309117120375,33.396987422034165,34.211658113778675,35.03374121669219,35.86407062340691,36.65441557237236,37.64019156248177,37.89960450300418,38.55954669800564,38.66350602007436
N_974,17.325507013145682,17.325507013145682,17.325507013145682,17.325507013145682,17.325507013145682,17.353711839577663,17.411161672027543,17.648953698006682,17.849393487619523,18.283598667261977,18.530312759439937,19.1564091060218,20.287115069539425,21.121502382312705,22.54896894600013,23.826683821561137,25.103570407754543,26.389063799186875,27.29770449590166,28.86626477076951,29.959363173743828,31.058788946681066,33.31718690863099,34.57665712461115,35.66231005327373,36.31388243478315,36.78354824398905,37.840312654874666,39.03598487387964,40.060691954621966,40.196959756120854,40.58904750728955
N_975,17.663392270944485,17.663392270944485,17.663392270944485,17.663392270944485,17.663392270944485,17.691597097376466,17.749046929826342,17.912455257412724,18.11289504702556,18.422519724279738,18.640687237372976,19.060796499421286,19.754440308347405,20.59441948419181,21.23030133723622,22.205026072197196,23.112943351269553,23.678169848462904,25.32720034512126,27.528426259657437,28.69891021452763,30.314228309325635,31.673658477968825,33.17051776169269,34.720016006338696,35.46589605958664,36.61800576206342,37.338633253117955,38.207024402138,38.768935948338765,39.150955170905306,39.543042922074
N_976,17.7722771443282,17.7722771443282,17.939958504304734,18.331391343034944,18.495755508054174,20.262909658236886,21.678899377905083,22.702690796136714,24.11543858701074,27.642898966304642,30.661934945759118,31.999975789137764,33.395395758228645,36.874939475012326,40.324901567775,40.95332602100311,43.647234269766244,45.58218073886427,46.56517360713262,49.98279831094676,50.803576038338775,50.99745279773398,50.99745279773398,52.78260209218509,53.99391127717404,55.392048284712345,56.38828823394387,56.633553734029405,57.187230538274214,57.20379796634454,57.41083008997491,57.41083008997491
N_977,17.675733826432488,17.675733826432488,17.675733826432488,17.675733826432488,17.675733826432488,17.703938652864473,17.812152704926035,18.049944730905175,18.31986710070229,18.976334560223393,19.275191077398304,19.973364134083504,21.163233443709487,22.029251254131903,23.536992797963205,25.087065923698106,26.554562140124574,28.331328485654307,29.629856897045222,31.001487702370603,32.523822909719655,33.78372869084003,35.32012707321401,36.57830387452276,38.07029700339744,39.976513587058804,40.394076512209665,41.78156664115937,42.101028519938005,43.496949547751655,44.24092189980618,44.24092189980618
N_978,40.9782820242865,44.118499934591256,45.67775425527499,46.189527331824955,46.36124805455657,46.77895631290575,53.56099545595096,54.8908093328033,56.013637357550714,59.68744271026327,61.49009575211744,64.00692249837616,64.2324893485327,68.75280398137413,73.2671896750947,74.53230164974556,73.58727297344258,77.02828800732412,77.675808677899,79.27903741660877,79.76628876721591,82.02650679233822,83.05607843964476,84.13346495748301,85.71441317877395,85.71441317877395,81.45229315498948,79.9305436116045,84.23064308869279,81.80047625967538,80.96180697343283,80.96180697343283
N_979,17.81875198074239,17.81875198074239,17.827995154696136,17.89534358439682,17.936926224521795,18.08799254994935,18.308353738527646,18.703130945488873,19.29042197427384,19.97642390203277,21.21084958725824,22.565660849640068,24.0122058540145,25.909371226096408,27.48819013523014,29.260967083849216,30.70083972738,32.41839523237442,34.087027474307135,36.33238682314921,37.6482896510701,39.00367439333148,40.26696861771501,41.144088820980286,41.836063860196425,42.80647863177032,43.78348651969918,44.85104525184499,45.257063721963874,45.28187358642256,46.47649681590194,46.88992408376669
N_980,17.346320156209863,17.346320156209863,17.423403632143835,17.72823626575206,17.748851917796216,17.552769138604077,17.390424964610943,16.9735081078338,17.468083577484087,17.867541567137014,18.962901721351734,20.498626229956837,19.868864068666003,20.48831943727565,21.039183634211405,21.853315864765527,22.371617380149104,23.128575075332957,24.121658193049935,25.902765224293827,26.676218800306522,27.19321700519638,27.870825319583165,28.837898159940252,29.273916040068116,29.999362167547293,31.294016263580826,31.997110671592516,33.337402769808904,33.780209654634476,34.09417715331651,34.09417715331651
N_981,17.93364173224138,17.93364173224138,17.93364173224138,17.93364173224138,17.93364173224138,17.961846558673365,18.111200544351853,18.414218148762473,18.850660361637473,19.5366622893964,20.36928324777723,21.351737892808313,22.19165932652085,23.16628405041196,24.397869579105045,26.186317813499663,28.079504542432147,29.643709176637028,31.37040301563556,32.76637467785079,34.053899349431,35.036044757043264,36.299338981426786,38.011911054715455,38.919183787905666,40.12993027158509,40.72562116083808,42.65998902160432,43.63390665486803,43.70483694980866,44.55585675797974,44.56644944836849
N_982,18.436259926321863,18.436259926321863,18.44550310027561,18.512851529976295,18.554434170101267,18.705500495528824,18.94365075691759,19.269171653776823,20.05900670441047,20.500772391810866,21.849496837232586,23.193709380061073,25.278861001821713,26.470115558950223,27.98842425126836,29.9261667235614,31.51422207193357,33.231777576927996,34.90040981886071,37.145941910394534,38.46184473831542,40.16388925959404,41.42718348397757,42.39379797398888,43.89540839972647,44.96256510552922,46.33474122984772,47.17554849957526,47.34469783900077,47.88311223184501,48.86164727427626,48.86164727427626
N_983,17.974634185450707,17.974634185450707,17.974634185450707,17.974634185450707,17.974634185450707,18.002839011882692,18.062197490247936,18.278369486680152,18.550674884520745,19.12664087428807,19.75208505553337,20.618459858823456,22.01322610969923,22.82235013022406,24.03405020085873,25.75901128323233,27.076343210137164,28.271413020946337,29.17948617434615,30.57508935979967,32.52751323366765,33.478500757233704,35.08095477609509,36.33999835769152,37.247271090881725,38.30933367933313,38.85448231560298,40.289541444382394,40.89158460216297,41.5406015013084,42.15856179510172,42.15856179510172
N_984,17.716394486192044,17.716394486192044,17.716394486192044,17.716394486192044,17.716394486192044,17.74459931262403,17.780301049034286,17.919125054723185,18.119564844336022,18.42062053623107,18.68307581673264,19.11900309703439,19.52169677032936,20.50306405428615,21.315931300494242,22.680052654178567,23.667110143106648,24.71957648109922,26.51292074349029,27.99698387810489,29.231622951409772,30.539661476722078,32.15502213072423,33.11343523133351,33.80600556822035,35.01955394360844,35.847629208416706,37.754346439981674,38.22178220691168,38.56453087881716,39.194161113536445,39.43459003846658
N_985,17.408837348021287,17.408837348021287,17.408837348021287,17.408837348021287,17.408837348021287,17.43704217445327,17.545256226514834,17.783048252493973,18.052970622291085,18.654811977884478,18.953668495059386,19.579764841641254,20.686818181640785,21.37215239477598,23.054405863984165,24.51133152157238,25.829513413569668,27.587529662729402,28.860500974818947,30.23213178014433,31.740673305911734,32.87500013946046,34.41139852183445,36.06652336416185,37.02636826910333,38.312803448020944,38.81216613796275,39.850658279232,40.734929883749096,42.288956421933236,42.47788211424334,42.47788211424334
N_986,17.417321760196167,17.417321760196167,17.417321760196167,17.484670189896853,17.484670189896853,17.63573651532441,17.801550805345315,18.21794804185346,18.763710054479134,19.362577276040906,20.619657493504608,21.908590827502508,23.238949152012644,25.205117267962322,26.78393617709606,28.606137464525457,30.04601010805624,31.763565613050663,33.37758729005691,35.62311938159074,36.288907653482795,37.47640471537212,39.38981349578448,40.239321961431436,40.793479455253504,41.77126555728284,42.51036284589348,43.433161031687504,44.35416883951481,44.69842735586177,44.896875841811344,45.934238715898374
N_987,17.23244917276869,17.23244917276869,17.23244917276869,17.23244917276869,17.23244917276869,17.260653999200677,17.29635573561093,17.53414776159007,17.734587551202907,17.92686792762639,18.17358201980435,18.585099564267317,19.13369720244677,19.78744151845737,20.23751372899395,21.559753965367644,22.595219803202646,23.4088255016014,24.883749406688644,26.611729159238003,27.704827562212316,29.229593214103687,30.39601666716608,31.599659149391545,32.11909037932333,34.13540339273367,35.28830427686604,35.28830427686604,35.81816302018781,36.757913539438505,37.93848483864431,37.93848483864431
N_988,17.719426540152746,17.719426540152746,17.719426540152746,17.719426540152746,17.719426540152746,17.74763136658473,17.855845418646293,18.072017415078513,18.341939784875628,18.98260205748002,19.319854295216768,20.01802735190197,21.207896661527954,21.99750009481179,23.505241638643092,25.00589042556767,26.47338664199414,28.250152987523872,29.560914723479655,30.932545528805036,32.454880736154095,33.71478651727446,35.251184899648436,36.50441981427354,37.7842992215121,39.26016651957425,39.83467394761934,41.01774545682773,41.32818973968047,42.716537699120025,43.5846419326885,43.5846419326885
N_989,17.627291117665237,17.627291117665237,17.636534291618986,17.703882721319673,17.89073031078283,18.041796636210385,18.29640720194156,18.854509188616035,19.516887481639696,19.930443992021907,21.286042392346012,22.838320767970853,24.825937401584177,26.754333490049817,28.130097189259978,29.251939864515958,30.507381449487134,31.263953359126987,32.77927070433865,35.024802795872475,36.30287586455103,38.15546532319235,39.157941003224764,39.80093516161586,40.4412037764469,41.52779594334127,41.700442452855555,42.76926635667044,44.06108186712698,44.217854587404226,44.76177598693021,45.59361431632895
N_990,17.91302018475899,17.91302018475899,17.91302018475899,17.91302018475899,17.91302018475899,17.94122501119098,18.111866399905857,18.284756305465393,18.67887690982952,19.32773653738527,19.95318071863057,20.819555521920655,22.07618717260062,23.010585652123225,24.390835630540128,26.019285205332014,27.560416379169965,29.27797188416439,30.812747471429834,31.99765605272747,33.12044299463336,34.2450927965062,35.05235440204339,36.212433817625374,37.793171933882306,38.60065758354186,39.49701957082837,40.458519375228484,41.65865779310293,42.422798289478415,43.12004016379298,43.29895077409288
N_991,17.555747500837015,17.555747500837015,17.555747500837015,17.555747500837015,17.555747500837015,17.583952327269,17.64140215971888,17.879194185698015,18.079633975310855,18.51383915495331,18.760553247131266,19.334125015631557,20.266768798663083,21.106747974507485,21.986649029155608,23.264363904716618,24.03512213760148,24.718959604572408,26.47193388322647,28.22382745629521,29.3943114111654,31.631089828327664,33.35557410483283,34.60720400694053,35.61745619362369,37.027435038480384,38.07775465414771,39.24496943083353,40.213406039217745,40.58386747619432,41.51093863182131,41.66259660008533
N_992,17.485179830717176,17.485179830717176,17.485179830717176,17.485179830717176,17.485179830717176,17.51338465714916,17.54908639355942,17.78687841953856,17.987318209151397,18.288373901046445,18.473762738075862,19.099859084657727,19.885385380995924,20.29861887518095,21.74913051542383,23.44470018951399,25.035766619904035,25.67725435229857,27.012968790773506,28.324612433830506,29.263248639885354,30.247670375127534,31.774094456281112,32.64850870225944,33.1028848541033,33.902031170045056,35.59314151528157,36.460276632297386,36.671776474344,36.99392053540631,37.40272585918505,37.46117149142602
N_993,17.634578390920105,17.634578390920105,17.634578390920105,17.634578390920105,17.634578390920105,17.634578390920105,17.634578390920105,17.773402396609,17.952711581782147,18.144991958205626,18.407447238707203,18.75597345549693,18.880384322375285,19.866954488010773,20.630472842626475,21.843083170229445,22.97439736145551,23.889966708367663,25.538997205026018,27.039245807658965,28.22829526422509,29.53633378953739,30.812262455645083,32.015904937870545,32.65125788920487,33.279893248868916,34.66641237254888,34.88941304178624,35.87736786137275,37.256475172205455,37.57078549976224,37.56305540979554
N_994,17.801173384010887,17.801173384010887,17.801173384010887,17.801173384010887,17.801173384010887,17.82937821044287,17.92113195816202,18.137303954594238,18.407226324391353,19.047888596995747,19.46475642987589,20.16292948656109,21.336745167614602,22.070737041278367,23.74580036579895,25.530208594273002,26.756098365392198,28.357001565061683,29.667763301017462,31.039025629581147,32.5613608369302,33.43387013742153,34.72983959486537,36.08511319771718,37.57079995001315,38.7076747999281,39.605004086745,40.96264432423247,41.18532405224127,42.53809827995096,43.27988139485546,43.27988139485546
N_995,17.705618174586732,17.705618174586732,17.714861348540474,17.78220977824116,17.897849491824864,18.04891581725242,18.303526382983595,18.770122685602445,19.557100954051567,20.387215165015053,21.6514045931335,23.13498853797676,24.74192897243028,26.804771437544986,28.383590346678723,30.143629406239004,31.591473657975783,32.65656759796948,34.22696050447915,36.472492596012984,37.78839542393388,39.58400268321468,41.12469256038162,42.07592909703636,42.74066546117756,43.86661811094392,44.43228486294211,46.56905119315921,47.18428574198131,47.709108261528414,49.115912466677756,49.31280329538494
N_996,17.05502460465428,17.05502460465428,17.05502460465428,17.05502460465428,17.05502460465428,17.083229431086266,17.19144348314783,17.352592535485652,17.622514905282763,17.78524034284773,18.121132779810157,18.650434217665644,19.16917608561254,19.454822369920134,19.60533026905276,20.150335164336255,21.534813901584354,22.13328680674638,22.03913221456763,22.922546732176592,23.69100898660529,23.838693892353174,24.729800507311943,26.273808870620027,27.393889093466544,27.98061765442622,28.31345102069103,29.6584711746524,29.982985612940325,30.347283062373066,31.283524682551274,31.30868657058858
N_997,17.41959395581466,17.41959395581466,17.41959395581466,17.41959395581466,17.41959395581466,17.447798782246643,17.556012834308206,17.793804860287345,18.06372723008446,18.66556858567785,18.964425102852758,19.590521449434625,20.697574789434157,21.393210238706878,23.075463707915056,24.532389365503274,25.723274174744684,27.439846700336403,28.70461248342723,30.273172758295082,31.7390831334843,32.99043074911967,34.28640020656352,35.659779171422024,36.97439010098523,37.849006732229114,38.986615633683094,39.99528077391763,40.40238883542403,41.99737651343159,42.822265214541474,42.822265214541474
N_998,17.337313463200616,17.337313463200616,17.337313463200616,17.337313463200616,17.337313463200616,17.365518289632597,17.47373234169416,17.711524367673302,17.981446737470417,18.58328809306381,19.192991085985494,19.910671991265204,20.933219520201902,21.772937132573755,22.96129949536025,24.468426150809854,25.484569325000315,26.8936027996409,27.560890951467297,28.55597460426596,29.403008274257246,29.548567227850278,30.034560599300242,32.11851250281396,32.92767740567622,34.48222995382063,34.559448890738146,35.044699615688025,36.57039691245921,37.4551103313406,38.2632157478362,38.913330303865024
N_999,16.894715260250813,16.894715260250813,16.894715260250813,16.894715260250813,16.894715260250813,16.894715260250813,16.894715260250813,17.006522137389457,17.1858313225626,17.312138717636547,17.472345636841325,17.764010540670803,17.888421407549153,18.365683956414752,18.509732605906272,19.366232577570106,19.846771933073136,20.084829050329358,20.256208913196076,21.33573968753383,21.73234320052255,22.08767399198321,22.862721743830086,23.99820764157557,25.164280357452046,25.25429409327019,26.379254847128475,26.982696197468048,27.50476274576379,28.015146851334723,28.50323028138393,28.50323028138393
N_1000,17.234237124608782,17.234237124608782,17.234237124608782,17.234237124608782,17.234237124608782,17.262441951040767,17.319891783490647,17.53066668091953,17.731106470532367,17.962568013728358,18.02484031356625,18.62897041899551,19.147712286942408,19.44765523768975,20.27990603438416,21.194955521897718,22.658212938708157,23.673896637583503,23.599857631802845,24.517246458898462,25.306899770705737,25.487556411012424,26.555602564491487,27.348196005769772,28.451054328164464,28.886368349204883,29.261321444789132,30.06395765506232,31.20684146489014,31.55968866507104,32.98792889940604,33.08765995277573
N_1001,18.175682799881066,18.175682799881066,18.175682799881066,18.175682799881066,18.175682799881066,18.203887626313048,18.35324161199154,18.656259216402162,19.273572441993945,19.813795099981565,21.11888792011749,22.110067616558908,23.403464880517816,24.437280166317702,24.939161577788408,26.727609812183026,28.62031479623308,30.337870301227504,32.06456414022604,33.460535802441264,34.47360189614849,36.1756464174271,37.43894064181063,39.017926971720414,40.36529618590894,41.651315443764844,43.443560445295134,44.77866125069512,45.28155935023351,45.92376416525343,46.66221038255774,47.222781139405114
N_1002,17.242787564992376,17.242787564992376,17.242787564992376,17.242787564992376,17.242787564992376,17.270992391424357,17.328442223874237,17.46797124666514,17.73996224924408,18.117750717160128,18.46938434244617,18.998685780301656,19.58418998930253,19.79794329011067,20.41578769927552,20.82052161142652,22.239327710403142,22.83780061556517,22.773477828976723,23.524649855556948,24.314303167364223,24.36591839894704,25.192920754164316,25.909687108674373,26.87538126333425,27.1801233511848,28.49643743674196,29.684288621392025,30.059688962621237,30.830190692546548,31.145518335291342,31.145518335291342
N_1003,17.2448599932604,17.2448599932604,17.2448599932604,17.2448599932604,17.2448599932604,17.27306481969238,17.30876655610264,17.447590561791536,17.648030351404373,17.840310727827855,18.087024820005816,18.561385963875694,18.42986437152905,19.411231655485835,20.27472544547843,21.476956571665276,22.544206927431578,23.42606148359102,25.09302975138691,26.645283339900164,27.848126478047938,29.15616500336024,30.443599265555815,31.647241747781276,32.5152025805649,33.35701441199883,34.27530891525926,35.6130237325477,36.108707438509036,36.89704863559464,37.55935813592919,37.98095249603013
N_1004,17.437026060819925,17.437026060819925,17.437026060819925,17.437026060819925,17.437026060819925,17.46523088725191,17.50093262366217,17.538140123417044,17.738579913029884,18.039635604924932,18.302090885426505,18.508600277301614,18.557173151645166,19.272077777262673,20.113428541304085,20.381554062932327,20.47861444343404,20.776404963802275,21.567484119750993,22.021489156672565,22.723721136749443,23.422185030235987,24.41059048221577,25.393956391743387,25.740990766523442,27.089095054823293,27.940125835495504,28.358552915136407,28.770256672528355,29.577580870867095,30.072960891874747,30.093083650051902
N_1005,18.246727768150556,18.246727768150556,18.414409128127083,18.8058419668573,19.28593718458469,21.711460642860906,22.819832389507027,24.235834398742952,27.241624427483135,31.318901995818376,33.780488035719685,35.11852887909834,37.7687192498009,40.90755524139226,44.35751733415495,45.25785802399487,47.708752061543976,50.43195870284347,51.22033590792957,54.1046053626047,54.925383089996714,55.56550614464179,56.32297963165539,57.49149386701532,59.0249807705727,59.17950437605039,59.76988797835834,60.476611060490356,61.03028786473516,61.36656482605348,61.21195531578451,61.29911820907603
N_1006,17.541109518048984,17.541109518048984,17.541109518048984,17.541109518048984,17.541109518048984,17.569314344480965,17.62676417693085,17.864556202909984,18.064995992522825,18.553827276092996,18.675594691701384,19.368175885315466,20.55804519494145,21.32945963792441,22.749736056924238,24.147214568412004,25.55311891305374,26.530364539457544,27.178456759804533,28.358226388594503,29.292866984460645,30.231226546917977,30.976030294183847,31.721598055447366,32.48838732798482,33.28753364392658,33.823754406362184,34.882078753945756,35.87720013191186,36.189215955645366,36.226194809062505,36.226194809062505
N_1007,17.61540074925972,17.61540074925972,17.61540074925972,17.61540074925972,17.61540074925972,17.6436055756917,17.735359323410854,17.951531319843074,18.22145368964019,18.604691199604186,19.021559032484326,19.363825578456314,20.024216907744268,20.841202201387908,22.34799510348857,23.286303719003875,24.072013995426644,24.651630529456355,25.3066095279855,26.547567447347095,27.65919227388344,27.945538468190946,28.442688950829293,29.72403359107818,30.569877063288146,32.06076085493903,33.2346401117723,33.4655652126028,34.93545405296258,35.55910622003025,34.879275090808235,34.879275090808235
N_1008,17.560635632833645,17.560635632833645,17.560635632833645,17.560635632833645,17.560635632833645,17.588840459265633,17.754654749286534,18.079292383244074,18.444183383152968,18.91931631895612,19.529019311877803,20.23477364862146,21.424642958247443,22.54593450370116,23.777520032394243,25.522245137452504,27.08520866503038,28.8027641700248,30.32530643272538,31.32039008552404,32.408974269575936,33.470273595612156,33.996272486172444,34.79520134683999,36.21005720907121,37.22659471506649,37.945429226323725,39.08930853975621,40.18996983854795,40.97911091574661,41.65770839246445,41.95900743661575
N_1009,17.61619911872399,17.61619911872399,17.61619911872399,17.61619911872399,17.61619911872399,17.64440394515598,17.680105681566236,17.896277677998455,18.02281912716174,18.32387481905679,18.586330099558364,19.161802365401645,19.35907312477116,20.330139172590425,21.14300641879852,22.6693881181516,23.4129090910623,24.423492179164043,26.05318930913638,27.33861793899402,28.527667395560144,29.83570592087245,31.66695566224134,32.84836943208799,33.38594200868019,34.095207316614164,36.139598916405745,36.88506526059362,37.14187540988316,37.76959309409865,39.05466248283253,39.47059458587528
N_1010,17.238337281718337,17.238337281718337,17.238337281718337,17.238337281718337,17.238337281718337,17.26654210815032,17.30224384456058,17.540035870539718,17.740475660152555,17.81928835643054,18.0660024486085,18.59098767321696,18.898948884093763,19.440718829388057,20.253703074081116,21.575943310454807,22.576852908775773,23.459755130156022,25.062213641815035,26.614467230328287,27.81731036847606,29.125348893788363,30.658157310882682,32.03254448176027,32.625673197917166,33.27549154585845,35.53150086640731,35.82471766790572,36.027184572368654,36.96803723429973,37.61905614390905,38.3340213779054
N_1011,23.63724596064078,24.024735576518484,25.43822174874899,26.475545070115174,26.959968798299315,28.124634830866732,30.583708585862503,35.71644748217156,38.23517540549739,39.77365362729508,42.034491978087146,44.77493360423904,52.13068108094368,56.756203265362494,60.718603449157925,60.14142598979562,63.86166226046572,64.71015065738926,65.67540417912409,66.72950997749922,67.64347717571962,67.78186941730489,70.25873999082297,71.70976152039452,72.05564932915753,73.8791859018213,75.23421241958859,76.11581784272339,76.05875871095921,76.84834896462165,76.84834896462165,76.84834896462165
N_1012,17.686683832196792,17.686683832196792,17.686683832196792,17.686683832196792,17.686683832196792,17.714888658628773,17.806642406347926,17.843849906102804,17.98788932017897,18.275151287677765,18.80663731961851,19.316225646279783,20.055022032609767,20.824487200557588,22.487399447935214,23.70613842320015,24.501826706126447,25.121189883486352,25.776168882015497,26.30440043785331,27.12836972609349,26.646782874300076,27.35323113701421,28.42527799718731,28.63571058041268,30.74023736165477,31.886893421796856,32.11781852262735,32.540791989369694,33.277238145617325,33.26758942630615,33.19002650854195
N_1013,17.91756831155358,17.91756831155358,17.91756831155358,17.91756831155358,17.91756831155358,17.94577313798556,18.111587428006466,18.414605032417082,18.779496032325984,19.36255806697104,20.326673853404788,21.758602412746484,21.931686829153385,23.094053738405105,24.474303716822003,26.114087501492808,28.155456935266677,29.8730124402611,31.59970627925964,32.87308342093482,34.041459979579464,35.66647299612835,36.92976722051188,38.18794402182063,39.92154465149538,41.478517122124764,43.20328708575207,44.46442217303402,44.56948987017914,45.47539246437739,45.743774622930275,45.743774622930275
N_1014,18.085657002312665,18.085657002312665,18.085657002312665,18.085657002312665,18.085657002312665,18.11386182874465,18.17131166119453,18.387483657626746,18.587923447239582,19.060949543893038,19.47781737677318,20.209334919851997,21.380543814239505,22.26100587721662,23.528687681969313,25.029336468893888,26.006750711532703,26.950685554732818,28.6211413169574,30.285666208247243,31.424354227960325,32.89482159261485,35.15321955456477,36.3880228317691,37.61475059224934,38.77686583555946,39.4221647029283,40.528745312400396,41.81928147734325,42.35550438730873,42.751566361094,43.1436541122627
N_1015,17.790695571264084,17.790695571264084,17.790695571264084,17.790695571264084,17.790695571264084,17.81890039769607,17.984714687716973,18.309352321674513,18.592215975735776,19.191083197297544,20.11680326316945,21.52452955629393,22.639840747308792,22.602999924029735,23.983249902446634,25.821122475651578,27.565644754860244,29.28320025985467,30.955283533926732,32.22866067560191,33.39703723424656,34.82999303295669,36.09328725734022,37.70097941101001,38.606751584378365,39.36366858158511,41.27023669236256,42.5254473445118,42.80366900260773,43.82670701505573,44.26053828791951,44.58361096636543
N_1016,17.90777991887669,17.90777991887669,17.90777991887669,17.90777991887669,17.90777991887669,17.935984745308673,18.027738493027826,18.243910489460045,18.50256810259681,19.246170268315076,19.704292668871087,20.570667472161173,21.827299122841133,22.82543981794759,24.177850377120294,25.962258605594347,27.18814837671354,28.612487080209558,29.73484820438086,31.130451389834384,32.90041378194308,33.756631812686734,34.97722232461415,36.03872748888327,37.16711313291762,38.230448664796484,39.10430675125339,40.349046412579206,40.61628487521893,41.34778650222246,41.46834576613034,42.10996134047006
N_1017,17.477649338899166,17.477649338899166,17.645330698875696,17.950163332483918,18.211067995405806,18.805719355940592,19.953608570956664,20.9773999891883,21.998737140262506,23.10643988990847,24.471901901247108,26.2747765474925,27.788527413979498,30.077083251499502,31.331079934426505,32.83351318627651,33.15516370671191,34.056555191407405,35.60215231407192,39.9523454303706,41.71717598568378,42.62355136349849,44.085592613372356,44.98847151134235,46.7324540668207,47.40335272806095,48.07572321903257,49.93582120929406,50.63083122311808,50.963081643250696,51.54538031288605,51.54538031288605
N_1018,17.548872825443077,17.548872825443077,17.548872825443077,17.548872825443077,17.548872825443077,17.584223986701893,17.73357797238038,17.67789459623466,18.05410599726123,18.072937739693124,19.32250176512874,20.185649362700474,20.0762281481256,20.071307501467576,20.073114395834686,20.870342349301215,21.42553817551643,22.389921219464913,23.444463464177304,24.74403168019695,25.669173526548192,26.15611559848189,26.89179659557073,27.96156802346222,28.65805926549958,29.862152964532967,30.896788176493843,31.522460823459603,32.26345255886956,32.414268066522474,32.64379643272763,32.64379643272763
N_1019,17.277011797831868,17.277011797831868,17.277011797831868,17.277011797831868,17.277011797831868,17.305216624263853,17.362666456713733,17.600458482692872,17.80089827230571,18.126328136476594,18.373042228654555,18.81887297106338,19.47882581074941,20.31125570792673,21.15170442136387,22.17585349513517,23.04394421107657,24.210826632731322,25.538449902993158,27.41179904513001,29.270408142674285,30.69345070568165,31.95202454525834,33.1556670274838,34.12387649334071,34.85194311841816,36.133221561153064,37.12642687569511,37.82941746659863,38.3719882942316,39.12600426017257,39.12600426017257
N_1020,17.64092608872273,17.64092608872273,17.64092608872273,17.64092608872273,17.64092608872273,17.64092608872273,17.64092608872273,17.779750094411625,17.959059279584768,18.151339656008247,18.418997818188526,18.740290903215907,18.91257051458397,19.82074971419397,20.633616960402065,21.846227288005036,22.875197214273236,23.740803724727538,25.299512947561258,26.799761550194205,27.98881100676033,29.29684953207263,30.572778198180323,31.77642068040579,32.41177363174011,33.09037182786201,34.01491963084668,34.40859776776614,34.805817402435096,35.119122739123085,36.771147883968304,37.064364685466714
N_1021,17.79714599295732,17.79714599295732,17.79714599295732,17.79714599295732,17.79714599295732,17.825350819389303,17.991165109410204,18.315802743367747,18.59866639742901,19.19753361899078,20.123253684862682,21.530979977987165,22.604175466316438,23.260969458632385,23.90650925765628,25.744381830861222,27.441107042954584,28.26918949071226,29.838814072774614,31.46118194090018,32.757287721300415,32.77778776581314,33.60687430027202,34.9692411534408,36.40978854919346,37.334360090211604,37.39959250666081,38.61715772736556,39.47980360759199,40.74593537032146,40.97125000000953,40.97125000000953
N_1022,17.32957266540373,17.32957266540373,17.32957266540373,17.32957266540373,17.32957266540373,17.357777491835712,17.393479228245972,17.631271254225112,17.831711043837945,17.95009307981188,18.19680717198984,18.664931083638038,18.972892294514846,19.473586876011137,19.769729667838938,20.85727071813565,21.183400965361145,22.071228564903492,23.48658209021245,24.92690145859661,25.772530709463783,26.795236604798745,27.711844543044304,28.817258692330185,29.44838711209216,31.27461413025228,32.540700620799946,32.63057182150013,33.27205352552254,33.990823609080806,35.19536253883125,35.19536253883125
N_1023,17.331881738611028,17.331881738611028,17.331881738611028,17.331881738611028,17.331881738611028,17.360086565043012,17.468300617104575,17.706092643083714,17.97601501288083,18.577856368474222,18.824570460652176,19.36785083760759,20.3584378681888,21.099466980415674,22.19470259937357,23.625012089181716,24.140706141073128,25.85727866666485,27.256675501378055,29.088636836426065,30.702378603800987,32.18219327291534,33.49263566291869,34.872643123628926,36.21538112993899,36.89600708297985,38.69343163844064,39.21132621453832,39.95351311566677,40.909032581405455,41.70817853962168,42.35829309565051
N_1024,17.68888860267974,17.68888860267974,17.68888860267974,17.68888860267974,17.68888860267974,17.71709342911172,17.808847176830874,18.025019173263093,18.36649275602631,19.110094921744576,19.735539102989875,20.46223662369325,21.551546493683926,22.30436408379551,23.770851059950935,25.063580040531125,25.984959446506977,26.813041894264654,27.933358349391472,28.94964611656404,29.934844536058193,30.587263344697703,31.34676399096958,32.84706439863094,33.62236585894628,34.609223941074575,34.94377412727209,35.98024094576144,35.56570332169956,36.24062774218707,37.239925054241425,37.327853387697935
N_1025,17.177731694231646,17.177731694231646,17.177731694231646,17.177731694231646,17.21766811216105,17.21766811216105,17.177731694231646,17.31655569992054,17.49586488509368,17.688145261517167,17.934859353695124,18.28338557048486,18.407796437363213,19.38916372132,20.242278309896466,21.356048093489722,22.52213899326574,23.403993549425184,25.070961817221075,26.623215405734328,27.826058543882098,29.134097069194404,30.421531331389975,31.62517381361544,32.172732120294086,32.91882763428213,34.25324098109343,34.25324098109343,35.26944373971125,36.772161745251346,37.03840852883194,37.15625738643688
N_1026,17.30246915596866,17.30246915596866,17.30246915596866,17.30246915596866,17.30246915596866,17.330673982400647,17.366375718810904,17.604167744790043,17.80460753440288,18.105663226297928,18.238909638330394,18.865005984912262,19.45125000220569,19.942510402200448,20.80600419219304,22.381810230356443,23.167413985557857,24.10441742057881,25.85739169923287,27.314819622796062,28.517662760943832,29.825701286256137,31.47818965631369,32.75700528302795,33.37215283040563,34.03145530188175,36.069593601949094,36.81505994613697,37.01752685059989,37.90215033968005,38.61356689836177,39.32853213235813
N_1027,17.288995331700406,17.288995331700406,17.288995331700406,17.288995331700406,17.288995331700406,17.317200158132387,17.341562004336286,17.579354030315425,17.779793819928262,18.268625103498433,18.61760932305801,19.258921066782953,20.09760443364366,20.71706391053753,21.337561765414435,22.47236205687954,23.66598147083265,24.8409548867442,24.571097297512274,25.225025663157986,26.329667504956227,26.89636712837576,27.9882317903046,28.958212228404182,30.487455091805177,30.98281782113051,32.224253443913504,32.7322745094008,34.33823046871984,34.60153984986029,34.59044441127909,34.89319791488628
N_1028,17.51683680252237,17.51683680252237,17.51683680252237,17.51683680252237,17.51683680252237,17.54504162895436,17.580743365364615,17.818535391343755,18.01897518095659,18.20656319270615,18.505419709881057,19.13151605646292,19.426935468839087,20.3526078537042,21.80311949394708,23.40554169989056,24.761295865420035,25.648336463983135,27.15778162007747,28.259876951734224,29.417130473143235,30.40155220838541,32.212599280212366,33.33512857362205,33.761377648719055,34.640257603385756,36.21440191499343,37.00236513832838,37.3404064154287,37.854578720380786,38.64168652621273,39.05761862925549
N_1029,17.250570787382077,17.250570787382077,17.250570787382077,17.23111143218035,17.23111143218035,17.259316258612333,17.29501799502259,17.53281002100173,17.752709165816295,17.944989542239774,18.191703634417735,18.71109699595507,19.423401220119665,20.26338039596407,20.951234495154072,22.097541107831493,22.713297399729804,23.576865934586408,25.2438342023823,27.11718334451915,28.255871364232227,29.67891392723959,30.845337380301984,32.048979862527446,33.90612590974767,34.94543822523413,35.856002638527855,36.259103388020165,36.88316465258403,38.53766762041124,39.320975472694265,39.320975472694265
N_1030,17.64166914985265,17.64166914985265,17.64166914985265,17.64166914985265,17.64166914985265,17.669873976284634,17.727323808734514,17.94349580516673,18.143935594779567,18.50981100942374,18.71991490544674,19.32735083679013,20.317937867371345,20.920312116781055,21.885223483616734,22.72071540448948,23.6794920964344,24.713672413124133,26.44870892064066,28.323369756941204,29.493853711811397,31.044180626610235,32.61087299204904,33.56928609265833,35.49489617919231,36.677142218450165,37.569961042334086,38.42531133451586,39.0211246600484,40.461985937252024,41.2532445362492,41.2532445362492
N_1031,17.442574465657195,17.442574465657195,17.442574465657195,17.442574465657195,17.442574465657195,17.470779292089176,17.528229124539056,17.744401120971276,17.944840910584112,18.087138868946667,18.372248681686465,18.743882369860486,19.204991420103667,20.1030410768823,21.225577959908218,22.090791188033727,22.49928286718686,23.222656015662125,24.00539948585195,25.333630180456677,26.57560211488415,27.073883560959146,27.871509883190463,28.869223259539993,29.834472731423418,31.188618508362993,32.03451559021954,32.25171433939997,32.50807973550931,33.18898654035661,32.64807684180761,32.64807684180761
N_1032,17.831779541201787,17.831779541201787,17.831779541201787,17.831779541201787,17.831779541201787,17.85998436763377,17.89568610404403,18.111858100476248,18.312297890089084,18.539455241534583,18.801910522036152,19.443260716263357,19.839813754677643,20.821181038634432,21.634048284842528,23.040420874008753,24.514082231979113,25.566548569971687,27.160610553317987,28.64467368793258,29.87931276123747,31.187351286549774,32.788239007992416,33.889917312906206,35.00328395346844,35.89231319122789,37.12069770393526,38.213679081345326,38.681114848275335,39.54481312727806,40.188713054160765,40.48774618511437
N_1033,17.41777407470235,17.41777407470235,17.41777407470235,17.41777407470235,17.41777407470235,17.445978901134335,17.595332886812827,17.719385994546105,17.791874195656163,18.044208092010322,18.537266729911124,19.65376475134881,20.32966090171534,21.48693232948774,22.773734686153656,23.04846976437229,23.85175531692109,24.484882991906733,25.08911257645982,26.135885584410513,27.358594537274325,28.249783242371173,28.956231505085302,29.621649315910503,30.332194710634102,30.961220395125068,31.422658338665435,32.53452273193009,33.59449363322235,33.92902655053597,34.26797582716447,34.34707795588614
N_1034,17.30642096418009,17.30642096418009,17.30642096418009,17.30642096418009,17.30642096418009,17.30642096418009,17.34212270059035,17.405308551939584,17.58461773711273,17.885673429007777,18.132387521185738,18.582024859948884,18.984718533243853,19.966085817200643,20.78486961790427,22.18653599116007,23.12752730964198,24.127992835579004,25.880967114233066,27.338395037796253,28.541238175944027,29.849276701256333,31.501765071313883,32.46017817192317,33.00773647860182,33.896765716361266,35.013308042691044,35.46555758538051,36.48176034399834,37.78820893818482,38.05445572176541,38.17230457937035
N_1035,23.55007176809141,24.609507087392764,29.12305605234491,33.20384768964129,35.01135454071881,44.42329997746971,51.52068163308381,54.840428603764266,56.65038829230232,59.258557327403764,66.26792821235577,76.42955994115627,76.42955994115627,79.20509194838495,81.4304239417174,83.25870850344303,85.78148384887123,87.90785716310805,88.09939224270926,88.16859751345395,89.08256471167435,89.2209569532596,89.2209569532596,89.75461127260587,89.75461127260587,92.01368524787414,92.52209512131229,93.30989401252619,93.27157701157675,93.27157701157675,93.23780238797208,93.88863549278187
N_1036,17.73160525113675,17.73160525113675,17.73160525113675,17.73160525113675,17.73160525113675,17.75981007756873,17.79551181397899,18.01168381041121,18.212123600024047,18.513179291919094,18.75697415718219,19.448948432147976,20.43953546272919,21.041909712138903,21.315931300494242,22.842312999847323,23.801089691792246,24.835270008481977,26.712065076811456,28.639991028281464,29.810474983151654,31.277351092012083,32.77170093688105,33.73011403749034,34.22680187189575,36.357268760896886,37.47856082720355,37.9188145002611,38.359837153247604,39.42321331620762,40.362363189355506,40.86288687579609
N_1037,17.715118647109687,17.715118647109687,17.715118647109687,17.715118647109687,17.715118647109687,17.743323473541672,17.909137763562576,18.233775397520112,18.48982610161432,19.072162905712304,19.58712336047148,20.330758922417388,21.52062823204337,22.526259279239376,23.75784480793246,25.595717381137405,27.441107042954584,28.26918949071226,29.838814072774614,30.85527458263894,31.815325163311112,31.835825207823834,32.6285432134609,33.86542870374948,34.45489659893596,35.9304217073685,37.39959250666081,37.89072469407882,38.55942090483733,39.413871313103485,40.889034607125524,40.97125000000953
N_1038,18.087503932978954,18.087503932978954,18.0967471069327,18.164095536633383,18.279735250217087,18.430801575644644,18.379246527611123,18.875003739977306,19.66198200842643,20.476291032473206,21.825015477894922,23.308599422738183,24.982302198245684,26.840852476004468,28.419671385138205,30.605011742810017,31.97342732594041,33.13405196766475,34.73544119545399,36.98097328698781,38.169510974030025,39.99993186312377,41.379396377624495,42.25833422761204,42.89853204325999,44.083256544977445,45.734291615383256,46.59656500840256,47.46702056799142,48.28817084094965,48.445431196341985,48.445431196341985
N_1039,17.35794105377515,17.35794105377515,17.35794105377515,17.35794105377515,17.35794105377515,17.38614588020713,17.494359932268694,17.53156743202357,17.56961206629349,17.57514306955419,17.837598350055764,18.044107741930873,18.09268061627442,18.810219106626665,19.575849888892577,19.843975410520816,20.180357259547016,20.6829181349372,21.414912191150968,21.843987052235615,22.567670362780543,23.400599502952346,24.503925680796264,25.48506349432864,25.84841874446523,27.62314209193107,27.9965257763317,28.67181584279728,29.483044589916684,28.928679232314746,29.91254834321417,29.91254834321417
N_1040,17.662948213664748,17.63238594763959,17.63238594763959,17.63238594763959,17.63238594763959,17.660590774071576,17.718040606521456,17.881448934107834,18.090702893706208,18.286637438414704,18.504804951507943,19.024198313045275,19.736502537209873,20.57648171305427,21.059768951851545,22.156651225718644,22.737630809067,23.660232077325368,25.32720034512126,27.40565899642563,28.57614295129582,30.191461046093828,31.550891214737018,32.75453369696248,34.59724874310689,35.2355938245162,36.49523849883161,36.91683285893255,38.084257138906196,38.56631463540831,38.87972167074257,38.94833385797485
N_1041,17.58654560078965,17.58654560078965,17.58654560078965,17.58654560078965,17.58654560078965,17.614750427221633,17.672200259671513,17.88837225610373,18.088812045716566,18.50721203844231,18.769667318943878,19.36323022353544,20.555851490631866,21.395830666476265,22.710154957127536,24.091040108125355,25.390653445534404,26.074490912505333,27.678146846447603,29.220077217197407,30.3905611720676,31.489986945004837,33.78359971146919,35.04306992744935,36.199161615420344,36.991913687133035,37.485260982009656,38.42474991820826,39.329387993602545,40.45090043249431,40.68182847959146,40.750440666823735
N_1042,17.570913961535034,17.570913961535034,17.570913961535034,17.63826239123572,17.63826239123572,17.666467217667705,17.832281507688606,18.248678744196752,18.794440756822432,19.283373422758277,20.654752400418225,21.94368573441613,23.383978614552184,25.310900609382724,26.88971951851646,28.71192080594586,30.151793449476642,31.869348954471064,33.48337063147731,33.348182426223836,35.08141461898541,37.61159375105244,38.87488797543597,40.374510997111756,40.92866849093382,41.29988731728259,42.57111435332546,43.64323293651239,44.3661096117587,44.756246327894374,44.8694006594483,44.8694006594483
N_1043,16.973068208427648,16.973068208427648,16.973068208427648,16.973068208427648,16.973068208427648,17.001273034859636,17.036974771269893,17.24774966869878,17.448189458311614,17.6056937322831,17.765900651487875,18.082070048554364,18.600811916501257,18.89129269430032,19.773388934607222,20.449842248584936,21.913099665395375,22.216842831498028,22.229802061258066,22.857001030081403,23.320285078685764,23.96477729107528,24.82699445080699,25.47293508580885,26.504549786092497,26.628761437333367,26.972240791207945,27.52347543179287,28.72907312650158,29.5695869156294,29.85474675607228,30.900373163443945
N_1044,17.268250582619448,17.268250582619448,17.268250582619448,17.268250582619448,17.268250582619448,17.296455409051433,17.35390524150131,17.59169726748045,17.79213705709329,18.226342236735743,18.473056328913707,18.967646808817374,19.960985796869032,20.768331729857856,21.608780443294997,23.03908993310314,23.56314119056593,24.991529405576607,26.253448045921417,27.775054891297355,28.885056201136297,30.289768029034455,31.190887707828857,31.91141851397394,32.85319668217516,33.69720337255278,35.220832374849905,36.20348339224284,36.649538479059004,36.72491039563793,37.633896141300255,37.633896141300255
N_1045,17.688178557853995,17.688178557853995,17.688178557853995,17.688178557853995,17.688178557853995,17.716383384285976,17.82459743634754,18.04076943277976,18.310691802576873,18.951354075181264,19.288606312918017,19.903963399976764,21.09383270960275,21.805543210087315,23.4806065346079,24.981255321532476,26.37736592799965,28.12302616511505,29.433787901070833,30.54850207458536,31.870785468276186,32.86640397203912,34.402802354413105,36.07196937208096,37.025005693472906,38.40088951784754,38.9913753185334,40.2933769897605,40.72569690877476,42.231940298163224,43.11409417419399,43.11409417419399
N_1046,17.930911953359185,17.930911953359185,17.930911953359185,17.930911953359185,17.930911953359185,17.959116779791167,18.018475258156414,18.234961649850284,18.50695265242922,19.08291864219655,19.49978647507669,20.26383746014581,21.658603711021588,22.65932029447026,24.07959671347009,25.711410327697003,26.9373000988162,28.514233416559353,29.636594540730655,30.985082000246887,32.461827590857176,33.31804562160083,34.831852935026646,35.81076691543784,36.82934401572705,37.808854304695544,38.5351683761362,39.99434958501778,40.76211173409809,41.10152560993292,41.61417262500951,41.61417262500951
